feature,mean_importance
Measure Start Date,-2.5423261818416364e-05
State,0.002053454310592067
Location,0.003023260784287709
Phone Number,0.004181351162223649
County Name,0.005342279404255606
Address,0.0059872583304834545
ZIP Code,0.006383989256501332
City,0.006883427490659397
Hospital Name,0.008897691481599898
Provider ID,0.009880193425446108
Footnote,0.02804178810219806
Measure ID,0.3880116815165572
Measure Name,0.5178127681483574
Compared to National,0.6961428292545576
