feature,mean_importance
Phone Number,-1.1282123410621958e-05
Provider ID,-7.881309297508298e-06
State,-2.7755575615628914e-17
Hospital Name,-1.6653345369377347e-17
ZIP Code,-5.551115123125783e-18
Address,0.0
City,0.0
County Name,0.0
Footnote,0.0
Measure Start Date,0.0
Location,0.0
Measure Name,0.061029858507458436
Measure ID,0.06437858725253186
Compared to National,0.8723634765003666
