feature,mean_importance
ZIP Code,5.864737175326207e-06
Phone Number,1.861831027702432e-05
Footnote,4.395345388593652e-05
City,7.028897230269559e-05
County Name,8.488729245094695e-05
Hospital Name,0.00011649857718489808
Location,0.00024301515585792855
Address,0.000618745326310316
Provider ID,0.000697984727354184
State,0.0008692050731903767
Measure Start Date,0.017194616675943724
Measure ID,0.024570320515676442
Measure Name,0.052787905640063824
Compared to National,0.5543954974202139
